layer,neuron,percentile,biasxnorm
1,132,20,-1.6590305880544065
1,14104,50,-1.3974292860494018
1,13190,80,-1.1011086758597344
