layer,neuron,percentile,biasxnorm
1,1520,20,-0.5272459713197328
1,1937,50,-0.4403957690300331
1,542,80,-0.3060104747136503
