layer,neuron,percentile,biasxnorm
1,1686,20,-0.8611524307076479
1,127,50,-0.6881529589863682
1,7533,80,-0.41686048263435005
