layer,neuron,percentile,biasxnorm
1,828,20,-0.6336406533373165
1,221,50,-0.357005106965687
1,87,80,-0.16662166286988622
