layer,neuron,percentile,biasxnorm
1,4304,20,-0.7444907452201974
1,1354,50,-0.5961270867583295
1,3106,80,-0.31648927743026434
