layer,neuron,percentile,biasxnorm
1,3231,20,-0.27615977657066537
1,149,50,-0.2093177505968562
1,4003,80,-0.1399363165214247
