layer,neuron,percentile,biasxnorm
1,1981,20,-0.5375263263020287
1,297,50,-0.4137588585324323
1,1657,80,-0.2809535855534335
